2020,2019,2018,2017,2016,2015,2014,2013,2012,2011,2010,2009,2008,2007,2006,2005,2004,2003,2002,2001,2000,1999,1998,1997,1996,1995,1994,1993,1992,1991,1990
"10,944,686.20","10,762,824.00","10,567,262.00","10,089,273.20","9,860,914.00","9,859,281.20","10,021,043.40","9,979,128.00","9,540,539.70","9,282,553.70","8,474,922.70","7,719,071.40","7,199,604.70","6,993,182.80","6,437,470.30","5,824,625.10","5,113,216.60","4,424,412.60","3,796,157.10","3,529,081.30","3,346,525.80","3,153,661.10","3,236,278.60","3,134,112.60","3,070,505.10","3,088,620.20","2,767,666.40","2,645,411.70","2,418,175.30","2,302,185.20","2,173,364.20"
"4,320,532.50","4,817,710.40","4,975,300.40","4,819,365.10","4,894,499.20","4,990,703.70","5,107,208.60","5,092,097.20","4,956,053.00","5,173,591.20","5,392,109.40","5,156,424.90","5,558,378.90","5,736,319.30","5,653,081.00","5,753,493.20","5,738,286.00","5,658,992.00","5,593,024.40","5,748,261.80","5,775,807.20","5,609,017.30","5,590,536.30","5,543,349.40","5,273,486.30","5,117,036.90","5,066,803.00","4,995,209.50","4,879,626.10","4,807,496.50","4,844,517.40"
"2,200,836.30","2,423,951.40","2,458,175.90","2,308,804.40","2,195,248.50","2,158,023.20","2,147,107.00","1,972,429.40","1,909,442.00","1,756,744.00","1,659,983.00","1,564,881.10","1,424,383.00","1,336,737.10","1,215,205.20","1,136,466.40","1,085,666.90","1,011,770.90","985,453.30","953,537.30","937,858.40","901,325.20","836,269.90","819,268.80","774,070.20","737,856.40","685,903.00","651,351.10","626,293.30","607,224.00","563,575.40"
"1,618,271.00","1,703,588.70","1,661,000.00","1,594,550.30","1,571,517.30","1,592,559.40","1,611,960.70","1,632,679.70","1,675,755.90","1,699,083.20","1,617,827.50","1,546,666.40","1,655,191.10","1,658,148.60","1,654,851.00","1,611,982.10","1,600,978.50","1,609,996.70","1,565,334.40","1,567,172.00","1,563,845.60","1,523,721.30","1,487,965.00","1,489,506.50","1,601,176.50","1,635,484.80","1,685,046.30","1,880,244.50","2,030,810.70","2,136,444.30","2,163,533.10"
"1,014,064.70","1,073,645.30","1,111,115.30","1,150,835.00","1,164,869.40","1,178,349.10","1,217,306.60","1,267,376.20","1,254,319.40","1,213,775.60","1,157,241.80","1,102,386.20","1,158,836.10","1,227,990.80","1,193,043.30","1,215,474.40","1,207,285.70","1,213,929.50","1,206,760.20","1,172,339.50","1,184,424.90","1,168,954.70","1,130,280.50","1,172,604.10","1,184,646.60","1,170,985.40","1,160,755.10","1,107,586.80","1,115,035.10","1,103,961.30","1,090,508.10"
"616,561.30","625,251.50","637,433.70","626,427.90","607,216.30","599,182.70","605,356.10","583,703.10","559,122.10","552,050.90","541,171.10","542,297.10","523,048.30","514,142.80","484,179.10","450,795.70","417,660.40","389,777.10","369,875.80","354,068.40","340,456.20","323,360.40","290,997.40","292,398.60","279,812.10","271,519.50","266,697.10","236,729.00","233,650.90","219,101.20","198,471.70"
"603,350.50","658,693.50","707,770.20","732,204.20","747,147.20","742,314.40","736,011.70","776,151.80","760,127.70","746,477.30","773,069.10","734,805.50","789,690.40","783,803.00","814,413.10","802,383.20","821,073.60","836,794.50","833,382.20","847,678.20","830,284.10","833,594.90","865,253.70","872,646.50","904,337.40","874,659.40","875,897.10","887,057.00","892,817.40","932,548.10","955,307.70"
"569,681.80","612,133.70","630,186.60","626,178.40","615,443.60","607,827.10","588,088.60","599,601.40","600,316.30","598,480.80","575,215.70","526,639.50","514,924.50","503,693.80","487,852.10","481,002.10","485,909.60","463,913.90","461,000.10","456,674.00","447,237.30","401,878.50","366,567.20","431,637.60","409,990.30","385,406.00","354,277.10","327,604.40","297,049.90","274,792.70","247,675.80"
"563,197.00","605,290.60","568,007.60","515,395.70","483,978.70","489,052.80","484,640.10","448,400.20","481,791.30","475,800.90","415,536.60","391,082.70","376,137.80","379,956.60","364,467.00","342,148.10","341,235.40","333,878.10","305,633.00","302,055.00","280,635.70","279,482.90","262,705.10","261,157.00","236,717.10","223,678.80","199,175.80","185,087.30","171,415.60","162,314.50","148,342.90"
"516,873.70","566,001.80","579,573.90","568,175.90","556,874.10","558,747.20","561,760.50","555,742.40","546,291.60","549,369.90","537,091.50","521,399.40","550,553.20","571,632.00","540,525.60","549,032.70","536,417.30","544,541.80","524,353.40","506,615.90","514,215.10","494,278.50","484,791.80","476,815.90","461,700.70","448,046.00","436,764.60","422,047.80","426,367.30","413,298.60","419,492.20"
"513,555.80","526,770.30","527,565.70","549,749.90","561,229.70","565,190.10","540,520.20","503,213.70","492,467.10","463,763.70","446,131.50","406,526.70","389,713.40","354,617.40","335,434.30","315,293.20","299,889.40","284,828.30","272,251.20","254,084.20","249,654.80","239,520.50","233,898.80","220,072.70","217,652.40","204,830.50","206,359.40","203,252.60","202,031.70","187,924.90","171,403.30"
"414,138.80","434,318.00","433,838.80","455,684.80","447,077.30","485,344.10","511,618.00","486,844.70","454,232.90","418,295.40","397,931.10","350,000.90","373,633.10","352,555.80","335,624.60","331,689.10","328,517.30","310,808.10","317,756.50","319,375.70","313,670.80","300,958.70","290,587.20","281,335.00","262,414.10","241,283.80","222,497.50","215,259.50","207,865.40","205,475.40","197,897.40"
"407,406.20","398,772.90","414,111.90","418,098.20","376,399.00","353,413.80","341,671.50","319,088.60","329,797.80","318,641.20","297,814.00","288,307.20","287,205.00","288,967.80","261,083.60","235,003.00","224,601.20","219,158.60","208,107.60","197,771.10","216,396.50","192,651.40","193,687.60","193,428.40","185,337.70","168,150.50","153,823.10","155,579.50","149,797.20","143,796.10","139,197.90"
"393,241.60","446,626.00","439,644.60","435,214.50","425,682.90","425,063.10","448,298.10","437,261.70","427,001.70","409,480.30","425,548.40","404,354.00","427,111.70","397,161.90","379,736.00","377,642.70","379,939.80","353,033.50","331,272.00","320,393.30","284,463.30","278,270.90","296,196.90","288,584.80","274,043.70","264,251.50","252,088.50","246,445.90","238,780.60","242,286.00","247,614.70"
"383,131.40","451,828.80","444,898.40","474,498.50","476,394.60","471,632.60","462,240.10","475,737.50","486,454.20","478,403.50","462,869.50","448,372.50","459,548.10","457,121.00","448,302.80","432,187.40","414,102.00","404,692.20","386,004.60","378,830.60","379,176.00","355,178.30","365,142.40","342,478.40","322,699.10","306,842.10","326,504.80","300,667.50","291,682.50","287,995.80","269,575.40"
"378,996.80","395,199.10","396,059.90","397,149.40","394,803.60","385,782.40","379,267.20","388,427.40","395,690.00","394,436.70","395,993.20","393,859.70","387,570.30","384,368.30","374,104.40","368,801.90","366,141.60","352,893.50","353,315.80","345,609.40","339,422.80","333,677.70","327,536.90","307,778.50","300,180.40","290,141.50","280,096.30","273,016.90","268,366.50","264,709.70","263,437.50"
"355,323.10","341,716.80","286,139.30","229,877.40","222,028.50","201,513.30","180,698.80","164,297.40","155,522.80","155,973.30","151,413.50","132,290.00","117,585.10","105,137.40","94,869.70","92,368.60","85,051.80","70,903.70","66,495.80","56,722.40","51,207.70","46,412.80","45,473.90","40,842.90","35,033.50","31,401.00","26,682.30","24,244.90","20,812.90","19,796.60","19,327.90"
"308,650.30","345,934.30","360,555.90","366,844.10","382,154.90","401,075.30","415,609.00","453,778.10","467,831.00","445,648.40","482,646.20","466,492.50","515,335.60","530,502.50","542,060.80","540,917.00","543,075.90","543,037.10","530,785.90","545,262.20","530,888.20","522,752.60","526,000.60","524,191.20","545,478.10","526,808.20","535,183.20","541,376.40","557,885.60","570,681.60","561,774.50"
"281,286.80","317,223.00","324,884.20","329,193.30","333,344.80","337,862.10","327,498.00","346,458.30","376,747.20","396,687.40","405,272.30","397,057.10","444,984.50","459,371.10","466,654.50","473,831.80","472,404.80","462,197.80","443,473.10","436,571.40","436,296.60","433,010.60","426,372.20","415,517.30","412,153.50","416,415.00","392,285.50","396,927.90","402,274.30","404,074.10","405,262.00"
"279,223.80","294,948.30","311,754.90","312,769.90","299,802.40","289,077.40","285,730.00","298,304.40","303,351.40","310,593.60","313,739.10","297,260.30","308,325.30","313,375.40","314,093.00","301,353.00","301,854.00","297,730.80","287,320.30","293,627.40","295,774.40","308,978.10","318,414.10","344,627.00","355,320.20","340,003.80","339,752.20","344,016.40","343,368.40","351,624.90","350,214.60"
"267,154.70","300,561.60","306,948.40","317,721.20","313,835.20","311,175.40","306,017.40","338,453.10","338,315.40","335,031.90","347,940.10","343,882.50","358,211.20","363,052.20","371,741.00","380,816.10","377,948.50","376,838.70","371,167.20","376,860.30","373,235.80","375,003.60","381,182.30","359,140.50","367,959.60","352,283.10","344,475.40","349,524.60","368,655.70","380,691.30","356,297.90"
"265,478.90","274,466.70","264,483.60","267,137.10","267,916.30","268,853.30","261,377.00","264,681.00","256,286.00","238,968.50","240,768.30","224,850.10","233,893.70","231,901.70","224,693.70","222,096.80","213,439.90","195,675.50","190,573.90","178,776.60","168,941.40","169,086.00","160,408.90","181,502.80","175,594.00","156,293.30","137,725.00","123,371.70","106,917.20","96,403.40","88,005.80"
"245,139.30","244,882.00","241,451.40","225,104.10","231,669.40","236,229.40","236,264.60","223,086.50","205,415.80","202,401.30","199,867.00","181,472.70","202,458.60","189,464.80","173,632.90","166,973.40","157,850.00","144,010.00","136,377.90","129,458.70","124,355.90","114,454.70","105,685.20","106,015.20","98,644.70","86,310.00","79,739.30","73,044.40","67,174.70","65,096.20","54,615.00"
"211,896.70","204,592.20","216,896.70","214,897.70","202,475.70","191,059.60","209,261.30","260,015.40","244,599.00","245,455.30","229,702.20","213,617.10","242,038.00","198,392.40","185,299.30","169,217.60","158,029.60","146,142.22","131,067.44","117,443.40","120,152.00","122,649.27","135,838.36","132,240.74","153,394.84","175,237.63","199,170.10","219,245.60","253,841.70","246,366.00","237,250.90"
"210,752.30","217,908.30","237,983.00","244,540.50","235,425.80","226,283.60","219,121.10","213,856.40","215,000.90","205,767.30","200,313.30","197,660.50","189,935.20","183,395.70","170,745.00","162,217.10","144,503.90","133,020.40","129,441.20","126,704.40","114,614.40","116,535.30","110,982.40","106,057.60","98,940.10","93,722.30","87,900.80","92,661.90","90,903.60","89,369.50","87,745.40"
"202,705.80","241,886.50","258,373.20","264,723.70","248,252.10","257,251.20","241,979.90","243,794.90","270,280.40","275,470.10","274,140.60","288,131.20","324,274.20","354,683.10","341,776.30","350,499.80","335,560.30","318,657.70","312,753.30","294,786.80","293,314.30","278,300.50","256,215.50","248,603.10","230,113.20","240,567.30","228,452.70","218,079.80","232,369.60","222,099.70","214,950.60"
"188,088.70","185,645.70","174,220.30","191,935.00","200,398.50","195,409.40","186,639.80","184,960.80","175,687.90","166,631.50","162,788.90","157,019.80","156,044.40","131,831.60","121,562.50","116,453.90","110,007.60","103,820.50","99,146.30","97,196.50","84,729.10","85,679.80","83,449.60","81,440.90","78,528.30","75,166.70","70,779.60","63,620.20","59,702.80","61,564.10","55,210.40"
"184,111.20","184,096.30","186,865.60","198,738.80","181,113.30","164,152.30","154,235.20","145,993.70","143,819.10","141,690.00","140,378.60","145,337.90","140,734.20","145,813.30","132,304.20","121,608.70","118,313.60","105,663.50","102,325.60","99,837.20","98,374.10","98,773.30","90,190.30","89,362.50","85,821.10","82,737.20","76,253.60","73,749.60","66,977.80","60,305.80","59,026.00"
"165,663.60","174,599.90","185,623.80","174,938.30","201,655.40","191,067.80","237,728.70","270,268.70","277,110.20","283,342.40","268,924.60","251,616.60","301,195.30","312,141.50","303,989.40","295,405.20","307,135.60","330,228.50","303,940.80","300,552.90","297,376.80","305,725.10","309,288.00","328,244.80","346,111.30","399,250.10","415,669.90","499,314.90","574,642.60","651,932.00","688,618.90"
"163,511.50","180,687.60","168,154.30","156,456.40","143,281.10","133,169.70","134,045.90","139,103.60","129,004.30","113,039.80","108,550.30","94,205.50","88,136.30","76,650.10","82,958.10","85,127.90","88,108.30","81,278.10","91,164.80","97,553.30","87,630.50","72,714.40","91,784.10","118,910.20","98,880.80","100,068.80","102,116.00","89,562.00","67,338.20","45,545.10","64,206.40"
"161,563.00","170,582.40","164,534.10","157,704.40","154,654.30","156,273.00","147,735.20","139,024.10","134,934.20","120,784.90","114,179.40","112,172.20","107,745.50","102,750.20","99,808.70","94,187.80","89,492.70","88,188.90","82,404.30","78,645.50","80,046.80","77,505.30","74,649.10","74,433.20","76,123.80","76,440.20","73,606.20","72,219.10","66,844.60","66,428.50","62,936.90"
"154,535.90","168,162.00","176,894.60","179,267.30","183,158.70","185,550.00","179,600.70","183,255.70","177,955.30","176,641.60","167,226.30","156,567.50","167,231.80","162,820.20","154,917.50","145,995.40","141,376.40","127,653.50","117,462.10","125,255.20","132,265.50","134,502.00","132,669.90","126,118.70","122,545.90","112,886.70","111,909.90","110,256.50","107,921.10","105,906.60","100,313.90"
"133,471.30","145,871.30","139,119.10","133,456.70","120,895.10","110,990.90","101,822.50","95,504.10","86,165.00","82,544.50","81,917.80","76,321.90","75,039.40","73,250.50","69,305.50","76,190.20","74,718.30","73,141.90","71,257.20","70,259.10","71,942.80","71,621.20","73,870.20","74,447.80","66,899.80","61,414.80","51,270.00","47,577.90","43,803.70","40,442.20","40,868.90"
"130,315.10","145,939.24","151,382.30","155,710.90","158,499.30","157,376.00","149,793.40","157,090.20","157,473.40","158,768.00","171,110.50","160,488.30","165,221.90","164,550.60","163,702.70","167,926.00","172,116.50","170,362.80","167,429.40","167,116.10","162,096.70","161,446.10","166,734.40","166,310.90","173,623.40","164,106.40","159,604.10","160,137.20","156,009.70","157,266.80","151,520.70"
"115,577.80","117,687.80","112,720.50","109,708.50","105,333.90","99,358.20","104,872.50","111,856.50","113,140.20","128,633.70","126,240.50","116,532.50","128,884.10","122,580.60","127,356.90","119,190.10","124,840.10","121,905.70","129,888.00","125,695.40","123,804.50","116,488.10","116,263.50","100,732.30","99,600.30","98,154.60","108,876.60","114,592.90","113,076.80","118,584.80","117,767.70"
"111,978.10","119,544.10","113,633.10","108,481.20","110,817.50","107,746.40","114,815.50","108,116.80","95,335.30","94,996.50","90,055.20","76,947.40","86,932.00","81,122.60","88,767.70","98,719.00","98,724.90","100,994.90","92,237.60","101,945.30","97,215.10","87,017.00","88,699.80","98,646.90","100,227.20","86,164.50","78,325.80","86,237.30","91,806.40","81,926.10","72,768.80"
"92,308.90","93,863.60","92,652.10","90,378.30","91,376.20","89,021.70","85,576.00","87,363.80","85,316.10","83,291.10","80,725.60","77,654.20","75,847.10","70,599.50","72,438.00","69,910.70","61,917.80","58,121.00","55,593.60","53,188.70","49,838.20","45,741.60","42,133.60","37,306.50","35,628.60","36,248.70","36,671.60","30,742.60","23,045.80","7,823.39","29,128.40"
"88,835.20","97,712.90","102,734.30","103,549.90","102,998.00","101,167.50","99,960.60","102,910.30","107,320.20","111,220.10","114,167.60","113,246.10","118,718.30","124,432.80","122,553.60","121,893.60","123,786.00","123,372.90","120,209.90","124,341.30","124,716.70","112,359.90","119,767.30","126,005.80","128,483.70","124,519.00","125,199.70","130,982.20","136,842.40","139,757.10","153,149.30"
"87,578.30","89,486.80","87,099.40","87,472.10","87,066.70","85,211.30","82,167.80","76,540.70","75,430.10","68,521.50","60,912.10","54,310.20","53,279.30","50,026.50","43,940.50","38,536.60","37,074.40","34,744.20","32,496.10","28,650.60","28,666.20","29,002.40","26,502.70","25,392.60","20,942.10","19,047.70","18,491.00","16,614.60","14,677.60","14,985.00","12,543.40"
"85,493.10","92,645.00","95,944.60","87,658.00","81,128.90","73,156.90","66,313.10","62,965.70","58,985.20","54,309.90","50,487.60","44,750.00","41,580.80","37,992.30","35,902.80","32,710.80","30,527.50","28,629.80","27,284.20","25,634.50","20,686.70","20,105.50","19,249.50","18,970.90","16,825.30","16,554.48","13,543.45","12,568.40","11,823.48","10,830.76","11,523.73"
"85,364.10","92,989.40","93,523.20","92,587.40","94,171.60","95,096.00","90,362.40","96,550.60","95,275.60","96,488.20","106,872.80","99,904.40","106,715.40","103,905.80","108,081.50","110,960.20","113,350.80","115,502.10","110,850.20","118,339.80","117,274.60","115,514.50","119,412.80","116,634.70","119,448.40","114,568.70","114,901.40","110,108.30","112,329.30","113,960.10","109,312.60"
"84,827.80","91,915.40","86,581.30","87,136.90","86,504.70","82,260.40","76,560.30","82,998.50","78,412.60","76,470.50","69,749.10","65,450.60","67,991.60","64,574.00","57,148.10","55,968.90","54,972.10","50,200.60","49,121.40","48,425.10","50,424.50","54,430.30","52,013.70","51,285.20","44,896.30","38,972.00","35,826.80","32,465.10","30,346.90","29,243.40","30,533.60"
"79,057.60","79,186.70","79,355.20","75,674.00","83,526.20","81,017.20","80,091.00","77,725.40","70,223.20","69,771.10","64,146.10","62,670.60","60,298.10","59,709.90","58,193.00","58,187.00","56,608.90","56,716.00","57,373.00","59,588.30","58,995.50","55,922.10","65,071.40","64,837.00","59,253.30","60,043.30","57,514.50","56,659.90","53,199.40","51,098.70","49,364.40"
"72,509.00","107,502.30","130,158.00","139,787.40","150,466.70","163,126.90","179,236.10","180,422.60","181,128.80","160,039.60","164,101.60","152,586.30","151,112.10","142,388.60","147,532.10","147,374.40","139,606.70","135,770.20","140,747.60","135,800.40","131,516.70","125,458.80","129,300.30","127,590.10","121,835.40","114,036.60","106,529.10","107,387.90","103,107.80","100,992.80","101,630.00"
"71,041.50","75,744.80","75,365.00","71,633.20","72,197.60","70,131.70","66,386.70","63,015.40","60,549.40","53,620.20","47,076.30","43,595.10","41,314.40","42,262.30","39,187.10","31,014.10","31,256.90","31,700.50","29,972.10","28,032.30","25,115.00","21,979.10","19,519.20","20,024.00","19,382.90","18,870.40","16,195.70","15,175.70","14,922.20","15,720.90","11,919.30"
"68,664.00","73,942.80","75,190.20","74,208.10","71,585.20","73,314.40","71,539.00","72,090.60","81,843.80","84,049.50","77,601.90","80,699.20","95,409.10","96,728.60","99,254.30","94,682.90","95,336.30","98,138.20","93,733.00","95,220.80","89,003.10","84,969.40","99,513.50","113,599.20","124,200.90","120,869.90","115,148.30","117,690.80","126,185.70","142,755.20","172,633.60"
"66,719.50","70,986.30","64,286.10","63,014.90","60,289.90","60,362.50","58,691.70","57,595.50","58,076.00","55,923.50","51,749.50","48,765.70","48,630.20","46,341.00","44,991.00","43,579.90","41,009.00","37,251.10","37,470.00","36,273.00","32,876.50","32,198.70","30,634.60","29,903.80","28,484.70","28,791.80","27,712.50","25,577.00","24,879.00","23,119.00","21,497.80"
"63,655.00","63,231.80","63,317.60","63,871.60","64,079.50","63,777.60","62,189.00","63,791.50","66,758.50","65,076.70","59,175.10","52,386.80","59,279.70","58,482.30","51,916.50","50,592.50","49,365.20","46,350.20","41,410.70","39,123.00","38,507.50","37,688.00","31,838.60","30,502.50","30,608.90","33,989.80","33,545.00","26,972.00","28,099.30","37,788.50","44,646.30"
"59,142.40","64,497.80","63,131.40","65,867.70","63,697.10","63,254.70","62,054.50","65,752.70","65,112.00","68,276.00","69,965.10","64,420.70","70,734.70","71,248.00","74,104.40","76,242.40","75,802.10","74,467.90","69,374.20","67,914.40","63,538.60","63,055.10","64,673.10","64,224.10","64,902.90","61,186.40","58,288.20","57,804.00","57,668.00","62,423.20","58,275.70"
"58,471.80","62,796.30","61,424.50","65,906.30","65,233.00","66,314.70","64,717.80","67,002.50","76,063.20","69,822.80","70,520.30","65,727.70","66,708.00","66,597.90","64,331.00","61,012.40","63,159.90","62,925.50","61,080.60","57,952.50","56,997.30","52,983.60","51,504.70","50,967.40","48,734.10","46,775.30","43,361.20","40,504.60","36,857.30","34,523.60","33,805.90"
"54,801.50","57,681.20","59,271.60","56,247.00","55,201.40","54,871.30","59,431.80","59,891.20","59,738.30","58,325.80","61,443.70","57,177.30","60,231.70","57,326.90","58,794.10","56,464.60","55,753.40","52,525.90","51,752.90","51,720.20","52,967.50","54,957.90","57,201.90","59,020.50","58,453.60","57,507.80","64,645.60","76,209.40","87,748.60","96,217.80","99,830.00"
"52,437.20","55,548.40","50,121.30","54,286.00","28,127.70","25,101.50","31,223.30","27,629.10","38,483.40","37,098.90","51,689.80","55,256.90","72,831.50","65,633.80","78,937.10","77,678.20","74,323.70","72,738.20","71,198.00","74,385.10","71,822.90","66,615.40","60,918.60","66,037.90","68,660.50","78,242.30","83,612.60","91,419.30","99,712.10","112,936.20","119,307.50"
"51,002.20","59,990.30","65,021.20","66,795.50","66,848.60","68,010.20","69,548.70","72,484.20","80,085.30","84,547.20","87,578.50","94,740.20","100,405.60","104,309.90","100,702.80","101,947.30","99,844.60","100,216.60","96,596.20","96,607.80","94,460.60","87,395.50","87,127.20","83,761.70","82,753.70","82,834.50","79,730.80","78,090.90","78,176.90","75,818.00","75,619.40"
"46,578.90","56,972.20","54,589.90","54,274.30","56,860.30","54,553.50","53,167.80","49,751.90","48,120.60","48,427.40","44,998.50","41,170.60","38,292.60","33,808.40","30,843.70","31,291.80","31,237.10","27,157.70","27,731.00","26,537.20","28,634.20","29,072.40","26,970.30","27,958.90","28,062.20","25,649.90","22,538.10","21,801.30","21,033.80","20,266.60","20,875.30"
"46,324.30","46,030.10","46,192.40","47,342.60","46,635.00","45,410.10","38,980.70","46,472.50","45,790.20","51,230.20","47,103.90","46,874.80","49,825.90","51,463.60","53,009.00","50,685.10","57,502.30","53,204.00","49,792.20","46,211.80","43,985.40","40,773.70","57,283.70","57,256.40","52,666.10","45,315.80","39,618.20","43,190.60","48,858.20","52,202.40","61,906.50"
"44,769.30","47,261.80","49,202.90","49,449.80","44,248.40","43,384.10","40,625.20","40,762.60","43,427.20","46,907.30","47,880.50","47,839.10","53,014.20","53,850.40","55,457.50","55,921.20","56,349.80","58,186.90","55,599.90","56,280.40","54,633.30","57,910.50","57,353.30","56,990.10","58,454.90","57,431.30","57,784.30","58,382.40","58,001.90","64,552.20","67,421.00"
"44,467.00","54,692.70","54,100.10","52,095.10","48,694.80","51,331.20","59,289.10","59,767.30","58,315.10","41,506.40","59,559.60","56,404.00","53,275.90","49,395.50","52,930.40","53,004.10","48,469.00","48,931.50","45,596.10","44,456.90","44,724.90","43,223.20","41,902.40","42,204.90","45,439.70","43,491.80","38,651.80","30,590.90","26,342.30","28,821.60","28,603.50"
"43,705.00","45,163.20","45,212.10","47,324.20","44,969.80","45,431.90","44,398.50","43,912.30","43,692.30","44,766.90","42,413.60","38,831.80","38,423.60","38,286.00","37,171.60","36,901.40","39,618.80","38,157.70","41,290.80","42,031.30","42,117.50","37,802.10","37,047.10","38,161.60","38,520.10","37,581.90","37,978.80","36,164.20","31,410.90","30,474.90","28,970.00"
"38,973.50","44,564.70","49,461.20","53,272.70","48,695.20","49,851.90","45,931.10","46,555.20","48,220.30","49,867.90","50,937.30","56,299.60","56,844.40","58,797.60","60,448.00","65,473.80","62,128.80","60,523.60","65,604.90","61,383.60","61,661.20","62,207.60","55,600.60","50,931.60","48,742.50","50,693.20","47,302.90","45,792.80","46,774.00","42,767.70","41,068.60"
"36,329.90","40,987.10","44,395.50","43,015.40","45,700.30","42,815.40","46,161.70","50,191.30","49,408.10","55,123.40","62,526.40","54,180.90","56,660.10","65,102.70","67,024.90","55,460.20","67,682.90","71,708.10","63,439.70","61,088.10","55,097.50","56,509.90","57,265.60","60,624.00","62,574.40","56,092.50","59,927.60","53,461.80","52,280.50","55,132.70","54,562.80"
"36,177.40","37,661.60","38,571.50","39,174.90","39,578.40","40,288.80","39,643.00","39,627.00","38,770.10","39,071.30","40,116.40","37,439.30","36,872.80","37,760.10","37,210.60","36,366.40","37,354.80","37,186.80","34,381.00","34,735.20","34,283.10","39,702.40","37,887.50","36,543.50","34,597.10","34,389.20","34,412.40","32,428.60","30,197.90","27,325.30","29,305.40"
"34,916.10","37,376.30","37,481.30","38,699.00","39,666.50","39,090.80","39,793.30","43,531.20","42,516.60","41,192.30","45,207.80","43,668.60","44,962.50","43,541.20","45,479.30","45,850.70","45,283.90","44,839.50","43,573.30","45,154.70","43,708.80","44,528.10","44,247.30","42,748.30","44,006.00","43,439.40","42,593.00","43,452.00","45,702.60","45,666.80","43,326.50"
"34,431.00","39,631.40","40,273.20","38,549.30","39,791.70","41,390.30","41,801.20","39,701.10","37,085.10","37,096.60","37,254.00","34,498.50","31,688.00","30,635.90","30,126.30","28,220.30","26,177.70","24,655.80","24,172.30","24,251.50","22,051.50","21,614.40","24,469.90","24,953.60","23,997.70","20,917.90","18,804.10","16,952.80","16,845.20","15,740.30","15,422.60"
"34,305.00","35,521.00","32,728.10","31,957.00","32,239.40","31,773.30","32,243.40","30,939.60","30,110.60","27,282.10","24,311.90","25,495.80","30,447.60","27,627.70","30,488.40","30,043.40","28,311.90","28,569.40","26,177.60","26,397.20","27,687.20","26,122.20","26,490.50","26,489.60","27,193.30","32,474.90","33,515.30","48,052.00","63,613.20","52,059.40","53,483.70"
"34,138.10","39,159.90","40,898.20","43,885.10","41,586.70","44,556.50","42,054.40","39,660.70","45,023.10","49,637.60","44,740.60","42,907.80","50,039.30","52,598.70","48,954.80","47,985.60","47,265.70","47,933.30","43,599.90","46,185.60","43,421.10","44,322.00","50,477.50","52,994.60","55,301.70","54,882.80","53,724.00","55,925.20","55,364.10","58,826.50","73,605.70"
"33,874.60","33,995.00","32,784.50","32,497.00","21,860.80","19,034.00","17,034.80","13,592.50","11,964.00","8,692.90","8,131.30","7,371.10","7,943.60","10,505.50","10,057.90","10,856.30","10,268.20","10,486.60","8,341.20","8,351.80","9,440.50","8,741.00","7,913.00","7,247.90","7,309.60","6,936.60","5,647.40","4,813.60","4,278.20","4,015.20","4,083.00"
"33,742.20","35,812.20","37,473.60","37,729.10","39,009.80","37,087.20","35,556.50","35,688.20","37,009.50","36,488.10","40,347.70","40,583.30","45,911.30","46,604.80","47,263.30","46,650.50","44,687.60","44,086.80","43,929.80","44,815.30","42,533.50","39,973.30","38,419.00","35,972.50","34,821.20","33,448.20","32,818.70","31,653.60","31,505.40","31,466.70","30,961.50"
"33,576.10","34,964.60","35,915.90","38,168.20","38,691.20","39,120.10","38,993.00","40,388.10","41,996.60","44,452.00","47,985.50","42,760.70","46,023.30","47,054.30","48,734.90","50,082.60","53,593.30","55,202.70","54,023.70","52,497.30","53,277.50","57,264.90","58,363.40","57,381.60","63,647.40","58,230.90","58,488.80","56,504.90","56,745.90","54,236.30","53,346.20"
"32,470.20","32,966.80","30,844.40","30,514.90","30,301.10","30,492.40","30,282.70","28,853.00","27,174.20","26,017.60","25,965.70","24,717.10","24,762.20","23,001.00","22,485.40","20,693.70","17,927.30","17,944.11","17,221.48","16,386.32","15,876.50","15,450.88","15,488.92","14,415.78","14,154.98","13,535.88","13,372.03","13,066.22","12,272.25","10,346.53","10,737.46"
"31,359.70","34,008.20","32,409.00","32,927.40","31,185.70","32,281.20","31,970.70","31,885.50","32,107.40","30,290.60","31,049.30","31,169.70","34,165.40","33,270.50","34,265.90","34,232.20","32,836.10","33,397.60","31,543.10","31,618.80","29,455.00","28,612.90","27,180.80","27,689.00","25,412.80","24,325.80","24,225.90","23,960.30","24,380.00","22,629.70","22,310.70"
"29,293.00","31,045.00","31,023.10","30,742.60","30,317.80","31,627.40","30,976.00","28,601.90","29,106.20","26,717.40","28,321.50","25,984.20","25,960.70","25,366.70","24,472.10","23,538.60","23,020.20","21,961.70","22,147.10","21,971.00","21,068.80","19,972.00","18,939.50","18,133.20","17,572.00","17,045.10","16,654.40","16,622.40","16,294.70","15,206.30","14,671.90"
"29,035.80","31,032.50","33,005.10","33,576.50","31,497.80","30,753.70","30,438.10","32,920.40","32,347.10","34,116.90","35,432.20","33,908.90","37,097.20","37,190.30","37,873.30","38,518.30","37,430.50","38,331.20","38,065.40","38,577.00","38,072.20","40,660.10","41,403.50","42,273.50","42,174.10","42,370.60","41,702.00","44,319.90","46,096.20","47,938.20","54,811.80"
"27,356.50","29,696.50","33,133.30","33,184.00","35,340.30","33,704.90","35,820.00","39,960.70","38,216.20","43,098.00","48,124.80","47,933.60","50,127.70","53,411.40","58,134.00","50,201.90","53,727.60","59,234.00","53,839.70","54,245.40","52,602.00","56,728.50","59,710.30","63,617.30","73,375.10","60,038.40","63,171.50","59,301.10","56,970.30","62,700.30","51,978.00"
"25,234.60","26,840.40","28,303.10","25,794.40","24,479.10","25,260.70","26,603.90","30,696.60","45,039.20","57,562.50","61,090.70","60,696.70","65,275.90","63,604.50","60,213.90","57,220.30","46,364.30","44,378.70","44,267.30","44,728.90","44,401.10","43,872.20","44,630.80","42,072.70","42,022.90","38,978.70","37,441.80","35,882.40","35,151.50","35,766.00","32,388.10"
"24,327.80","24,418.50","26,674.60","26,241.30","27,176.40","29,209.80","26,677.10","28,869.70","28,690.90","27,586.30","28,110.00","26,979.60","26,747.10","27,677.50","26,780.20","26,317.90","25,364.80","25,628.60","26,423.50","27,465.10","28,353.10","27,998.50","27,112.50","27,448.20","25,203.40","23,175.50","21,719.40","20,152.30","21,771.80","27,418.00","35,621.60"
"22,881.30","25,775.20","25,366.00","23,551.30","24,593.50","23,590.50","21,450.70","21,287.20","21,681.50","20,913.90","20,680.80","19,657.20","20,581.30","20,626.80","20,368.50","18,690.80","17,282.20","18,725.20","20,884.10","18,983.70","18,670.60","17,794.00","16,616.10","14,502.80","12,728.50","11,844.70","11,138.30","9,520.40","9,620.40","8,229.60","7,860.70"
"21,846.30","23,427.90","21,690.30","23,140.50","23,167.60","19,240.90","17,458.30","14,448.40","17,440.40","15,410.20","13,071.80","12,291.40","12,810.70","13,591.60","12,404.90","13,984.40","12,868.20","12,412.30","11,385.20","10,848.00","10,928.90","9,496.30","8,608.40","8,340.50","8,355.30","5,816.40","5,766.80","5,091.30","5,248.30","3,985.40","3,839.20"
"21,474.90","26,916.50","27,401.30","29,170.90","27,755.10","27,016.80","25,151.00","23,244.50","23,470.10","21,175.10","20,864.30","21,902.70","18,646.00","15,039.60","16,233.70","17,278.90","17,879.30","17,414.90","16,836.20","16,890.90","15,672.80","17,035.00","16,255.40","16,127.50","14,123.60","13,304.90","11,274.40","10,326.30","7,021.40","7,039.89","5,622.10"
"21,184.70","23,146.90","21,545.70","19,575.50","18,172.80","17,300.60","18,122.00","18,384.13","17,141.50","15,729.40","14,311.10","13,638.49","12,974.40","13,021.50","12,419.20","11,058.15","9,561.28","9,312.16","9,604.46","8,970.40","8,996.67","8,606.58","8,548.70","8,518.94","8,690.27","10,275.47","10,323.84","11,852.58","12,858.42","14,758.07","12,968.10"
"20,974.10","23,147.90","24,710.00","26,021.80","24,730.00","25,309.10","25,553.10","23,803.70","24,123.30","20,756.30","20,196.80","20,665.00","20,009.00","21,090.30","20,167.00","19,869.00","18,580.90","17,309.80","16,873.50","16,250.90","16,268.10","14,630.80","14,616.00","14,373.60","13,868.30","13,604.10","12,994.30","12,203.80","11,925.30","9,781.20","9,934.00"
"20,946.80","21,124.30","22,615.80","22,692.70","22,356.60","19,629.00","19,506.80","21,847.80","21,960.20","23,738.20","20,842.50","20,589.70","20,761.20","18,888.50","17,910.20","16,225.40","15,571.70","14,871.40","14,556.00","13,763.70","13,955.10","10,516.10","10,760.70","8,493.00","4,188.03","3,369.47","3,162.67","13,403.99","15,966.67","21,441.00","23,965.60"
"20,796.10","22,131.50","21,670.30","21,579.50","21,503.10","19,259.20","16,658.50","15,853.20","15,806.30","15,936.60","16,427.40","15,490.30","14,959.56","13,969.90","12,900.25","10,496.00","8,827.80","7,931.90","7,713.90","6,254.93","5,690.74","5,305.12","4,767.34","5,248.10","4,307.10","4,507.90","4,696.41","3,210.80","4,530.70","4,803.48","5,365.69"
"19,814.50","24,382.90","23,637.40","25,064.80","29,520.70","31,648.90","29,610.50","26,958.70","23,868.00","23,865.80","22,801.50","21,145.00","19,275.30","16,966.40","16,558.60","15,811.20","17,453.60","16,764.80","15,689.50","15,955.90","16,204.16","17,613.22","16,767.90","16,154.90","15,442.40","12,719.48","11,298.23","9,269.70","6,877.30","6,674.50","6,564.20"
"19,446.80","19,481.90","19,253.90","20,097.20","19,310.10","18,090.30","16,700.00","14,387.70","12,981.30","13,963.90","13,424.40","12,424.40","10,411.70","9,868.90","9,765.40","8,707.60","7,662.70","6,837.00","7,664.80","7,879.70","8,630.20","7,712.50","7,411.20","6,797.80","7,198.20","6,571.20","6,107.00","5,991.30","6,088.80","6,017.70","6,269.00"
"19,401.16","18,039.10","16,774.90","15,135.00","14,545.30","14,320.70","13,366.70","13,899.70","12,876.50","10,803.10","10,382.60","9,320.30","7,966.90","8,418.50","7,798.50","6,331.10","5,924.80","6,381.00","6,669.70","5,444.50","4,949.50","5,818.90","5,438.70","3,604.60","3,483.30","3,184.40","2,914.60","2,696.50","2,657.60","2,257.20","2,516.90"
"19,178.90","19,170.90","19,663.80","19,054.50","15,702.20","8,875.90","4,344.50","4,160.80","3,271.90","3,043.00","2,877.10","2,537.50","2,048.20","1,734.30","1,642.80","1,257.28","1,211.21","1,151.44","1,105.48",997.81,903.07,878.11,852.38,826.37,781.46,674.95,638.32,610.27,595.57,545.94,512.96
"18,652.80","18,093.20","13,555.70","12,660.50","11,066.40","8,432.60","6,947.20","5,737.60","5,673.90","5,363.70","5,140.80","4,745.00","4,055.50","3,660.73","2,963.00","2,657.50","2,377.80","2,378.20","2,210.90","2,152.60","1,963.00","1,907.10","1,882.20","1,640.60","1,529.80","1,470.80","1,425.30","1,384.99","1,348.35","1,304.38","1,260.42"
"18,375.30","21,828.80","21,881.20","21,628.20","21,328.70","20,002.90","19,478.30","18,123.90","16,961.00","15,991.70","14,702.20","13,570.40","12,734.20","11,907.50","10,714.90","9,883.00","9,382.40","8,878.70","8,339.50","7,812.90","8,108.10","8,285.20","8,728.60","9,186.30","8,331.20","8,634.50","9,565.00","10,260.50","11,173.70","10,867.90","10,407.90"
"18,098.00","17,708.00","17,028.40","15,882.40","15,247.20","13,046.30","12,490.30","10,190.80","8,559.00","7,551.50","6,473.20","6,534.50","6,487.70","5,963.50","5,404.80","5,049.50","5,334.20","5,022.40","4,571.50","4,401.30","3,557.00","3,176.60","3,227.60","3,058.40","2,870.50","2,574.70","2,261.40","1,941.30","1,517.20","2,333.10","2,310.70"
"16,865.20","19,017.80","18,075.70","16,530.10","17,451.90","16,455.90","13,998.50","13,046.30","12,183.70","11,774.90","11,477.60","11,884.40","11,272.30","12,442.20","11,550.10","11,557.60","10,780.40","10,568.60","10,494.30","9,840.00","9,443.30","8,218.50","8,305.30","6,566.30","6,202.00","6,369.10","5,445.40","5,118.00","4,834.90","4,034.70","3,932.00"
"15,626.90","16,523.30","16,433.40","17,407.90","16,876.80","16,602.30","16,236.40","17,010.60","17,403.00","19,027.60","19,457.30","20,305.90","21,726.30","22,872.00","21,598.30","21,445.00","21,092.70","21,607.90","20,276.70","19,196.00","18,034.40","18,513.60","18,527.50","17,069.60","15,254.40","15,452.90","14,865.00","15,536.50","15,031.20","14,744.90","20,341.40"
"15,420.00","17,195.30","17,763.70","18,224.70","18,291.60","21,310.60","22,014.20","22,186.30","21,497.20","22,243.00","21,443.00","19,030.20","20,012.10","20,485.80","20,054.60","17,580.00","16,096.00","15,446.90","12,674.70","11,619.60","10,204.50","9,899.80","9,923.90","9,690.50","9,194.80","8,618.60","8,792.50","10,722.40","13,145.20","13,045.10","13,152.40"
"14,949.20","13,860.50","15,139.40","13,265.30","10,735.70","7,186.20","7,132.20","6,087.80","5,997.80","5,199.20","4,640.90","3,882.80","2,994.90","2,693.60","2,616.10","3,188.60","2,809.60","3,021.80","2,786.70","3,464.60","3,221.00","3,123.70","2,315.70","2,191.37","1,959.10","1,895.70","1,744.50","1,409.80","1,234.16","1,182.25",938.80
"14,435.50","14,960.80","12,018.90","11,659.30","10,646.90","10,765.90","10,108.00","10,698.00","9,587.90","8,019.70","6,909.90","5,928.60","6,073.00","5,906.50","5,991.70","5,660.00","5,081.70","3,769.50","3,565.80","3,128.30","2,946.40","2,516.60","2,692.60","2,887.30","3,070.50","2,734.80","1,910.00","1,915.90","1,859.50","1,865.70","1,892.20"
"12,477.30","13,665.00","14,072.90","14,123.70","13,903.00","13,139.70","13,112.70","14,548.10","15,123.60","15,700.80","15,777.20","15,509.20","17,360.10","16,283.40","16,293.70","15,916.50","15,699.60","15,413.00","15,524.60","15,380.10","14,541.70","14,910.00","15,503.10","15,725.60","15,290.00","14,470.00","13,606.00","13,556.20","12,825.40","12,737.40","13,528.80"
"11,693.80","11,735.80","11,652.50","11,222.20","11,203.10","11,067.40","10,862.90","11,331.10","11,925.80","11,845.60","12,603.00","11,692.10","13,066.40","13,209.60","13,019.70","12,829.20","11,915.00","11,232.70","11,223.20","11,155.50","10,515.90","12,247.20","14,706.60","13,924.10","14,239.80","13,745.80","14,819.20","15,754.10","19,998.00","34,291.00","32,217.90"
"10,680.20","12,297.80","10,176.60","9,800.80","10,132.80","9,285.50","8,572.00","8,013.00","7,454.60","7,571.40","7,026.20","6,666.20","6,436.10","6,202.10","5,569.40","5,666.20","5,390.20","4,486.40","4,579.60","4,455.40","4,063.70","3,960.70","3,597.40","3,215.00","2,927.30","2,761.20","2,606.20","2,505.60","2,568.30","2,334.70","2,326.30"
"10,255.00","10,549.60","9,725.20","9,907.10","9,813.60","9,399.40","8,654.00","8,024.00","7,193.00","6,521.80","5,322.10","5,624.30","4,838.80","5,626.60","4,701.30","4,243.10","3,373.10","3,157.20","2,958.40","3,516.20","4,772.80","4,522.20","4,990.37","5,518.89","6,363.30","8,177.32","10,443.86","16,093.70","20,072.90","25,505.90","33,488.30"
"9,960.10","11,194.80","11,349.80","9,682.20","10,035.20","13,552.20","27,429.90","27,825.00","21,012.50","22,950.10","25,431.90","26,568.70","24,216.20","23,270.20","21,918.50","21,105.60","19,628.80","18,699.70","16,093.70","16,065.30","15,030.50","14,059.00","12,455.40","11,640.70","10,799.10","10,531.70","9,339.60","8,552.30","9,130.00","8,498.50","6,642.30"
"9,928.40","9,557.30","9,749.70","9,076.00","8,974.70","8,500.20","8,222.80","7,526.80","6,866.70","6,801.50","7,014.40","7,032.40","6,393.50","6,131.50","5,091.70","5,016.30","5,122.60","5,206.00","5,133.30","5,156.80","5,209.10","4,788.40","5,040.50","4,862.40","4,755.40","4,679.50","4,619.30","5,766.90","6,846.80","6,966.20","2,900.00"
"9,588.00","7,057.80","7,540.00","7,290.20","6,968.50","6,397.70","7,080.30","7,208.80","7,299.50","7,332.70","7,170.80","7,874.30","7,912.50","7,143.20","7,520.80","4,991.30","5,103.00","5,515.50","4,620.10","4,708.80","4,717.90","4,433.00","4,517.90","5,225.20","4,827.20","4,600.70","4,265.10","3,928.10","3,585.40","3,384.50","3,260.30"
"9,582.70","13,099.90","9,918.80","10,136.40","10,652.40","10,609.90","10,758.10","10,252.30","10,461.60","9,994.10","9,190.60","8,698.50","7,297.50","7,484.30","7,490.30","7,116.40","5,609.50","5,525.30","5,410.00","6,216.50","5,282.70","5,012.90","5,721.60","4,637.50","4,406.30","4,355.50","4,036.90","3,795.20","3,635.40","3,124.70","2,692.90"
"9,328.80","8,965.70","8,097.30","6,757.70","5,496.70","4,904.80","4,583.60","3,195.10","3,015.20","2,564.20","2,446.90","2,405.15","3,041.06","3,267.80","2,686.50","2,471.20","2,597.02","2,175.10","2,133.81","2,150.05","2,200.97","2,544.59","2,765.72","2,513.44","2,240.20","2,508.62","3,035.37","5,167.30","7,686.20","10,171.70","11,018.20"
"9,080.10","10,017.40","11,306.80","9,439.00","9,675.60","10,266.60","9,848.50","9,455.00","10,146.00","7,690.40","6,394.40","6,734.60","7,441.50","6,473.10","5,362.30","5,307.00","5,557.90","5,579.70","4,965.10","3,962.10","4,643.30","4,784.70","6,022.30","5,679.50","5,760.60","4,594.30","6,544.50","10,080.70","13,764.10","20,422.90","22,762.30"
"8,835.40","10,196.40","9,031.30","9,377.00","10,394.70","10,538.20","9,884.10","9,685.00","9,985.40","9,470.40","7,926.80","8,072.90","8,587.10","8,536.10","7,974.50","6,973.60","7,557.80","6,726.20","6,087.80","5,800.10","4,987.20","4,745.20","4,679.00","4,036.70","3,904.60","3,868.50","3,252.10","2,900.70","2,734.20","2,454.60","2,453.70"
"8,709.47","11,238.83","10,972.38","10,022.78","9,294.93","10,057.59","9,281.34","9,402.05","10,208.13","11,961.89","8,576.15","6,558.97","4,375.64","2,847.81","2,283.68","1,961.71","1,292.31","1,653.21","1,403.03","1,088.64","1,078.12","1,122.00","1,318.00","1,344.10","1,407.30","1,457.69","1,493.59","1,527.89","1,525.47","1,941.37","2,046.87"
"8,611.20","8,921.60","8,555.90","8,064.00","8,143.00","8,020.60","7,712.20","7,181.50","8,137.30","8,344.50","8,295.10","7,638.10","8,150.00","8,139.20","7,975.10","8,175.60","7,775.90","7,765.40","7,182.40","7,017.80","6,709.60","7,352.40","8,649.10","9,580.40","10,402.70","12,141.50","14,138.20","17,414.10","20,322.20","24,599.50","30,532.10"
"8,312.50","10,185.30","11,069.90","9,781.00","10,450.20","11,988.70","12,010.70","12,216.80","11,954.90","11,357.60","9,518.00","7,572.70","7,711.60","9,754.30","9,791.80","10,455.90","9,672.30","10,103.30","12,293.40","13,545.40","13,578.90","15,818.10","14,073.10","13,826.10","14,862.00","15,483.60","15,960.50","17,075.60","18,469.60","18,301.00","16,535.50"
"7,980.40","7,475.50","7,604.00","6,876.20","6,739.00","5,505.60","5,186.10","4,676.40","4,444.70","4,652.60","4,825.10","4,417.20","4,017.60","3,998.20","3,471.40","2,899.60","2,646.40","2,443.20","2,177.30","1,735.10","1,424.50","1,340.50","1,214.70","1,236.54",973.49,302.07,280.34,287.29,282.61,273.51,330.11
"7,853.10","9,500.30","9,320.80","9,006.50","8,845.90","9,133.40","9,643.20","10,173.30","10,698.00","10,906.80","11,029.10","10,442.90","11,022.50","11,114.40","11,717.20","11,912.90","11,659.80","10,241.60","9,818.30","9,118.50","8,556.70","7,920.30","7,565.50","8,242.20","8,736.80","8,659.90","10,810.60","11,645.30","11,435.50","11,753.40","11,285.00"
"7,607.10","7,615.70","7,857.20","6,810.70","5,315.30","4,956.60","4,686.00","4,238.60","4,030.30","3,050.70","2,656.90","2,485.20","2,185.90","1,981.60","2,177.50","2,293.10","2,106.20","2,084.20","1,922.95","1,835.28","1,807.20","1,764.00","2,173.00","2,285.50","1,761.90","2,129.50","2,143.80","2,514.40","2,848.00","2,876.20","2,740.80"
"7,575.70","8,101.60","8,360.10","7,920.90","7,192.60","6,367.50","5,628.00","5,301.20","5,177.40","5,218.00","5,043.30","4,567.90","4,323.20","3,720.50","3,954.60","3,698.50","3,973.70","3,937.60","3,775.40","3,614.80","3,524.30","4,266.30","4,266.90","4,107.20","3,723.00","3,781.20","3,335.10","2,817.60","2,474.60","2,020.30","2,072.20"
"7,153.90","7,006.10","6,216.90","5,406.70","5,497.60","5,655.00","5,175.10","5,311.61","5,260.75","5,383.97","5,423.35","4,838.56","4,360.59","4,150.72","4,777.96","4,313.23","3,514.50","3,224.90","2,755.20","4,243.50","4,346.99","3,961.80","3,875.70","3,266.22","3,168.04","2,634.81","2,054.70","2,690.49","3,128.17","3,193.42","3,201.15"
"7,097.52","10,060.70","15,716.90","16,773.50","15,907.20","14,377.10","17,594.90","18,846.50","16,989.00","18,502.60","18,500.40","14,047.90","17,481.50","19,765.80","16,090.00","16,807.70","16,755.00","16,682.00","14,795.10","15,231.70","14,932.50","15,487.30","16,427.80","17,858.50","17,480.00","16,498.10","18,685.70","18,332.10","23,010.60","31,869.20","34,544.90"
"6,967.40","7,956.40","8,166.60","8,173.50","8,008.90","7,537.90","7,832.30","7,778.70","7,446.70","7,430.80","7,105.50","7,198.50","7,515.30","7,602.50","6,557.00","6,273.90","5,943.60","5,798.90","5,523.20","5,422.70","4,946.80","5,034.00","5,015.30","4,493.90","4,526.90","4,809.80","4,850.50","4,180.90","4,148.50","3,061.60","2,871.20"
"6,945.50","7,530.20","6,875.10","7,162.30","7,243.80","5,478.30","4,823.30","4,150.50","3,640.80","3,294.30","2,680.60","2,494.30","2,238.70","2,230.70","1,861.00","1,709.10","1,910.00","1,904.60","1,570.90","1,411.50","1,426.90","1,233.76","1,241.68","1,287.66","1,161.72","1,172.64","1,096.88","1,288.57","1,097.38",936.09,"1,117.23"
"6,928.30","7,569.10","7,785.20","7,116.70","7,145.30","7,315.90","7,282.30","7,452.40","7,570.70","7,897.30","8,518.10","7,364.10","8,105.90","8,531.80","8,199.90","7,715.00","7,616.50","7,593.20","7,352.20","7,357.20","6,929.57","7,548.90","8,132.50","8,528.60","9,009.40","8,996.82","10,223.50","11,757.31","13,974.80","17,201.50","18,777.40"
"6,796.70","7,956.10","6,950.60","7,436.20","6,962.70","7,142.10","7,442.90","7,862.20","8,798.90","9,157.10","8,329.60","8,512.30","9,120.00","9,328.10","8,852.90","8,881.80","8,542.60","8,829.10","8,128.50","8,670.60","8,522.10","8,879.50","9,651.40","8,786.10","9,862.50","8,305.70","8,350.80","8,639.70","8,332.40","8,383.70","8,591.30"
"6,771.80","7,191.00","7,198.60","7,361.20","7,219.20","6,851.90","6,811.80","6,427.70","7,098.80","7,634.60","7,898.40","8,276.10","8,490.70","8,307.10","7,999.40","7,900.80","7,778.80","7,834.10","7,168.50","6,992.10","7,127.70","6,871.10","6,610.00","6,304.90","6,211.30","5,848.00","5,977.90","5,735.80","5,479.70","5,109.00","4,591.20"
"6,746.60","6,195.60","5,712.20","5,371.30","5,066.70","5,343.40","5,479.00","5,501.50","5,716.50","4,937.10","4,336.60","4,510.80","5,685.50","5,204.40","4,489.20","4,460.90","3,763.80","3,495.40","3,118.70","3,602.00","3,561.00","3,103.00","3,492.50","3,324.30","2,481.91","3,436.76","2,707.87","4,974.49","10,755.96","20,689.60","19,845.20"
"6,514.30","6,806.70","6,545.70","6,103.80","6,525.10","6,657.20","6,500.40","7,357.60","8,517.70","7,605.90","6,283.80","7,665.90","7,750.10","5,854.70","6,332.10","5,415.80","5,459.90","4,486.10","4,530.60","4,946.30","5,458.50","6,783.20","5,777.40","5,558.40","5,450.50","4,687.90","4,266.20","4,490.10","4,768.60","4,371.70","3,848.70"
"6,376.30","7,912.70","6,844.90","6,344.90","7,125.10","6,997.60","6,592.20","6,455.80","6,771.60","6,778.70","6,539.20","6,676.80","6,909.80","7,629.00","7,235.00","6,836.30","6,676.80","6,510.20","5,935.30","5,868.60","5,631.60","5,606.00","5,666.20","5,319.20","4,389.90","4,961.40","4,459.30","3,923.30","3,353.90","3,066.30","2,383.30"
"5,835.60","8,394.30","8,589.00","7,225.00","7,549.50","7,088.70","7,191.30","7,402.30","6,959.00","7,529.40","7,479.80","7,889.00","9,625.40","12,029.50","12,059.80","10,563.70","10,572.00","10,597.00","10,251.40","10,086.30","10,071.40","9,986.50","9,731.10","9,204.30","9,047.70","8,682.80","8,384.80","8,327.10","8,148.50","7,405.30","7,466.80"
"5,763.69","7,198.30","8,061.39","7,337.51","6,629.31","6,949.71","6,988.91","5,421.54","3,414.34","3,883.34","3,371.70","4,186.58","4,392.70","4,319.80","4,086.90","4,278.60","3,970.30","3,915.00","4,026.70","3,865.60","4,033.80","3,858.50","3,682.20","3,066.00","2,915.90","3,189.80","3,080.10","3,249.70","3,298.30","2,734.70","2,807.40"
"5,674.60","5,943.00","5,866.60","5,172.00","4,946.30","4,712.10","4,112.20","3,694.30","3,777.10","3,744.20","3,332.00","3,357.30","2,971.80","2,868.20","2,399.50","2,024.00","1,629.60","1,567.20","1,486.20","1,303.90","1,297.60","1,290.60","1,263.27","1,110.09","1,048.41",952.50,725.72,813.92,815.06,806.39,785.74
"5,491.50","7,467.50","7,114.00","6,504.30","6,560.90","6,369.70","5,836.90","5,224.50","4,905.70","5,179.50","5,042.00","5,050.00","4,760.20","4,737.20","4,345.40","4,323.90","4,611.20","4,070.80","3,607.10","3,383.80","2,825.20","2,603.30","2,653.20","2,401.80","2,232.40","2,132.10","2,056.10","2,212.50","2,179.60","2,176.40","2,168.60"
"5,456.70","5,646.50","5,147.70","4,625.20","3,997.80","3,801.80","2,997.00","2,947.00","2,693.00","2,200.40","2,094.30","1,930.10","1,909.60","1,682.82","1,400.48","1,151.29","1,133.84","1,102.48","1,027.23","1,024.23","1,048.93",933.39,879.32,827.85,724.90,639.72,625.80,623.60,610.80,599.60,594.10
"5,349.20","5,274.50","5,120.40","5,344.70","6,383.70","6,115.80","5,962.05","5,790.27","5,601.97","5,777.14","5,762.09","5,207.58","5,272.57","4,941.11","5,437.10","6,058.30","6,091.10","6,436.40","5,955.40","6,225.75","6,080.00","6,027.89","6,389.29","5,564.93","5,806.06","5,211.04","4,615.51","4,654.94","4,531.88","4,556.56","4,099.12"
"4,582.20","5,131.90","5,024.80","5,428.90","5,410.70","5,286.70","4,758.60","4,473.30","4,686.00","4,766.20","4,513.20","4,394.50","4,503.00","4,696.30","4,547.60","4,338.70","4,531.90","4,562.70","4,062.90","3,925.50","3,768.00","3,541.60","3,519.20","3,020.10","2,816.60","2,652.70","2,525.40","2,198.70","2,235.40","1,919.10","1,933.90"
"4,537.90","4,517.00","3,735.00","3,321.60","2,806.50","2,522.30","2,225.70","2,160.00","2,468.80","2,621.70","2,502.80","2,124.10","2,012.80","1,978.50","1,901.40","1,835.60","1,772.90","1,707.90","1,630.50","1,568.50","1,494.90","1,433.90","1,362.60","1,289.90","1,230.40","1,161.50","1,121.90","1,085.20","1,055.30","1,024.90",999.10
"4,383.20","4,993.30","5,316.10","5,403.70","4,573.20","4,797.00","5,188.00","4,795.40","4,541.80","5,136.70","4,785.40","4,368.20","4,209.50","4,258.40","4,081.80","4,095.90","4,322.30","4,137.40","3,761.90","3,234.20","3,186.54","2,985.35","1,804.55","1,479.16","1,968.00","1,951.10","2,084.70","2,078.40","2,239.30","4,119.60","6,060.50"
"4,350.40","4,876.50","5,068.50","5,369.30","5,830.10","5,494.20","5,946.60","5,990.00","5,868.90","6,089.10","6,047.80","6,066.10","5,816.10","6,326.20","5,584.40","5,609.90","5,517.60","2,795.30","2,543.50","2,892.60","1,982.30","3,307.00","2,051.90","1,687.90","1,224.90","1,117.00","1,050.50",974.50,901.90,72.60,69.60
"4,150.70","3,937.40","3,867.90","3,629.80","3,408.60","3,343.80","3,174.40","2,813.60","2,510.70","2,346.70","2,154.00","1,943.90","2,016.60","1,837.40","1,581.70","1,500.80","1,451.20","1,279.30","1,243.50","1,196.90","1,093.80",999.00,956.00,744.99,667.28,612.00,566.42,516.77,477.19,441.30,436.01
"3,952.80","4,316.30","4,279.30","4,224.00","4,152.00","4,137.30","3,932.10","3,762.40","3,507.40","3,303.80","3,103.50","3,000.10","2,929.90","2,546.90","2,491.30","2,525.50","2,376.70","2,268.80","2,131.60","2,459.70","1,942.30","1,979.00","2,017.60","1,973.50","1,923.70","1,773.40","1,636.20","1,414.60","1,218.10","1,117.90",
"3,847.10","3,824.80","3,716.10","3,408.30","2,584.20","2,966.50","2,534.50","2,101.20","2,355.40","2,182.90","2,073.70","1,994.70","1,797.10","1,716.90","1,459.40","1,448.00","1,413.50","1,303.60","1,269.70","1,178.80","1,118.70","1,109.20",988.30,"1,050.90","1,062.10","1,001.00",948.50,914.80,896.70,863.00,841.80
"3,720.20","4,173.70","4,133.90","4,174.40","4,035.50","3,960.90","3,949.40","3,818.00","3,725.00","3,639.00","3,661.80","3,423.30","3,466.80","3,395.20","3,304.20","2,961.80","2,770.30","2,748.60","2,612.60","2,565.60","2,431.90","2,198.40","1,791.60","1,624.20","1,614.10","1,551.50","1,514.20","1,469.10","1,323.30","1,251.60","1,164.10"
"3,209.04","3,317.34","3,289.74","3,326.24","3,364.54","3,280.44","3,021.14","2,650.86","2,415.34","2,697.54","2,458.20","1,991.40","2,029.30","2,045.40","1,718.80","1,704.80","1,666.80","1,810.30","1,827.20","1,600.50","1,473.30","1,381.70","1,310.00","1,274.20","1,058.20",902.30,189.00,694.50,901.01,"1,001.60","1,020.42"
"3,025.60","3,031.20","2,813.90","2,845.00","2,421.14","3,231.40","5,136.10","3,959.50","2,827.30","3,016.90","2,653.90","2,502.80","2,553.30","2,472.80","2,282.80","2,208.70","1,939.70","1,998.60","1,650.20","1,565.44","1,634.93","2,098.08","2,275.74","2,269.97","2,271.34","2,110.94","2,208.23","1,896.19","1,482.42","1,737.90","3,179.00"
"2,768.50","2,795.90","2,587.10","2,473.80","2,478.60","2,079.93","2,063.39","1,975.60","2,000.80","1,831.60","1,759.30","1,627.20","1,603.70","1,605.20","1,332.80","1,481.60","1,671.70","1,617.80","1,621.90","1,643.80","1,660.30","1,735.80","1,747.60","1,722.20","1,580.00","1,530.60","1,413.10","1,087.00","1,080.70","1,144.20","1,171.90"
"2,745.45","3,927.70","3,304.87","3,481.00","3,181.72","3,284.62","3,010.62","2,930.23","2,741.74","2,193.89","1,869.80","1,686.22","1,780.34","1,723.10","1,637.09","1,709.64","1,645.54","1,553.40","1,121.93","1,669.04","1,654.02","1,669.63","1,626.94","1,419.42","1,308.30","1,371.80","1,213.12",996.72,964.66,952.69,891.13
"2,601.32","2,656.82","2,146.53","2,444.33","2,954.89","2,724.10","2,620.00","2,289.81","2,441.63","1,952.73","1,744.87","1,446.77","1,455.49","1,411.28","1,529.27","1,687.26","1,392.96","1,233.96","1,115.66","1,520.56","1,480.42","2,149.69","2,131.42","2,131.47","2,109.52","2,087.58","2,069.30","2,060.32","2,053.03","2,045.74","1,759.99"
"2,527.20","2,601.10","2,500.30","2,267.00","2,150.70","2,359.10","2,218.40","2,267.30","2,331.60","2,535.90","2,584.20","1,747.50","2,693.30","2,098.40","2,179.30","2,004.80","2,041.28","1,889.19","1,766.25","1,667.27","1,520.84","1,211.86","1,757.58","1,669.80","1,552.99","1,327.34","1,256.65","1,293.62","1,483.27","1,355.04","1,915.34"
"2,456.00","2,622.70","2,795.40","2,170.20","2,040.70","2,207.40","2,518.90","2,805.40","2,394.30","2,183.00","1,979.40","2,008.50","1,981.20","1,931.70","1,906.60","1,955.60","2,094.70","2,116.00","2,068.80","2,034.50","2,115.30","2,127.40","2,080.70","1,695.70","1,894.70","1,924.20","1,849.60","1,825.10","1,952.50","2,085.30","2,014.60"
"2,415.10","2,442.30","2,189.90","2,018.70","2,305.60","1,825.60","1,588.50","1,749.00","2,235.80","2,515.60","2,630.10","2,824.70","1,568.80","1,503.70","1,569.60","1,748.10","1,778.20","1,833.80","1,344.20","1,178.10","1,269.00","1,708.20","1,199.60",763.70,"1,356.60",977.40,906.90,633.10,746.00,925.50,977.60
"2,311.90","2,300.10","2,276.60","2,402.30","2,126.20","2,144.20","2,349.00","2,206.50","2,919.60","2,885.20","2,158.80","2,101.70","2,007.40","1,959.30","1,923.00","1,901.50","1,871.90","1,825.10","1,800.80","1,770.80","1,747.50","1,725.00","1,705.60","1,674.70","1,644.10","1,614.70","1,584.10","1,544.20","1,503.00","1,447.70","1,395.50"
"2,197.95","2,159.15","1,956.29","1,901.00","2,096.26","2,111.59","2,156.78","1,975.01","1,885.57","1,399.44","1,361.06","1,075.27",854.11,813.52,737.52,742.12,776.86,749.90,685.60,658.87,660.23,652.53,666.73,613.71,610.17,524.94,546.70,570.31,499.78,536.73,565.43
"1,742.70","1,824.60","1,768.90","1,512.10","1,730.20","1,969.40","1,519.60","1,453.10","1,418.60","1,281.21","1,313.25","1,290.67","1,239.11","1,173.20",998.67,912.01,951.98,753.35,674.32,529.08,459.82,422.90,389.95,449.75,367.37,356.08,344.48,250.51,363.40,406.42,433.89
"1,640.00","1,643.70","1,609.40","1,394.60","1,223.57","1,089.52","1,045.60","1,154.33","1,076.42","1,072.59",984.46,"1,036.69","1,009.90",927.19,861.94,854.33,898.57,893.44,859.92,847.28,875.23,932.68,896.45,922.39,926.59,909.27,907.53,885.50,792.69,792.02,722.47
"1,610.70","1,658.60","1,552.50","1,521.20","1,352.30","1,657.10","2,356.30","2,371.50","2,715.60","2,573.10","2,586.60","2,509.90","2,724.30","2,715.60","2,650.60","2,626.40","2,598.00","2,608.00","2,318.40","2,489.10","2,129.20","2,409.20","2,374.50","2,469.60","2,324.30","2,378.80","2,507.00","2,806.30","2,169.10","2,210.60","2,314.60"
"1,568.40","1,583.60","1,557.40","1,488.20","1,469.87","1,478.55","1,483.10","1,487.26","1,233.73","1,003.66","1,190.00","1,114.20","1,027.70",876.50,815.20,796.60,773.10,764.90,532.40,521.70,507.40,490.20,474.40,464.70,449.10,436.60,425.00,409.90,408.50,397.30,388.90
"1,454.00","1,999.50","1,776.10","1,546.10","1,465.90","1,339.30","1,355.20","1,128.50","1,144.60","1,012.80",963.00,916.60,870.60,810.60,790.50,626.90,693.10,528.50,614.40,481.30,462.20,429.90,311.00,338.30,281.60,261.40,204.60,202.60,225.10,159.60,156.70
"1,446.60","1,638.20","1,699.30","1,671.00","1,633.00","2,057.50","2,047.50","2,031.80","1,859.90","1,888.35","1,959.12","2,108.00","2,182.63","2,382.97","2,311.85","2,261.25","2,309.99","2,226.41","2,243.77","2,163.29","2,225.44","2,115.39","2,153.38","2,153.97","2,266.72","2,001.14","2,090.64","1,983.65","1,944.80","1,913.98","1,947.46"
"1,382.00","1,451.10","1,403.40","1,255.50","1,148.00","1,080.44",923.92,903.69,814.13,736.07,703.68,670.88,653.34,653.34,720.30,716.90,662.34,684.91,795.79,674.05,660.52,494.89,480.02,481.23,464.63,454.99,461.72,486.05,483.55,481.45,536.36
"1,179.50","1,146.20","1,126.60","1,268.40","1,397.89","1,247.80","1,205.10",905.21,944.15,848.18,729.76,533.84,540.16,641.07,687.15,667.80,558.67,476.09,443.76,448.27,425.81,399.77,490.46,454.74,435.90,422.24,418.82,420.77,402.37,374.52,453.82
"1,147.70","1,169.50","1,105.80","1,105.80","1,116.00","1,015.90",977.40,957.00,806.30,814.90,849.20,"1,042.30","1,005.60","1,024.60",990.90,982.50,985.60,996.50,"1,074.80","1,105.80","1,090.60","1,257.70","1,172.00","1,149.90","1,131.00","1,413.00","1,454.90",816.90,909.20,"1,086.30","1,101.20"
"1,096.07","1,167.27","1,270.17","1,179.97","1,290.77","1,269.57","1,282.07","1,439.47","1,467.62","1,516.25","1,481.50","1,599.70","1,619.00","1,367.00","1,347.60","1,326.10","1,280.20","1,249.90","1,206.30","1,216.80","1,188.10","1,208.70","1,137.10","1,068.52",980.47,946.60,929.58,876.84,925.75,"1,000.03","1,004.32"
"1,048.00","1,038.80","1,043.70","1,120.00","1,170.80","1,084.50","1,137.60","1,030.80",854.70,734.90,560.20,517.80,519.40,503.20,590.60,446.50,532.60,550.40,497.60,442.50,333.30,197.20,247.70,229.20,310.70,236.20,350.50,327.50,325.50,342.30,318.00
"1,035.20","1,433.00","1,454.30","1,309.50","1,228.40","1,042.10","1,012.40",908.00,833.90,744.20,493.18,396.83,422.62,398.71,397.50,395.42,313.51,377.73,411.52,379.31,388.84,378.53,377.42,381.17,296.56,246.03,205.90,177.05,205.11,182.80,185.39
"1,028.20","1,393.50","1,387.20","1,331.10","1,198.60","1,263.80","1,213.60","1,066.90",993.50,"1,055.80","1,126.30",766.70,863.40,"1,128.80","1,200.00","1,071.10","1,319.60","1,036.50",877.00,"1,040.40",836.58,786.32,766.25,785.91,808.60,751.67,743.33,745.09,758.35,721.15,712.98
713.47,707.40,664.90,529.10,442.00,366.80,364.80,366.40,364.20,359.30,323.30,198.10,198.70,192.10,191.60,161.00,159.60,171.20,218.10,210.20,262.60,233.80,232.50,226.20,223.30,216.90,210.60,210.60,201.20,229.60,187.60
706.40,697.20,677.70,581.47,580.50,570.90,592.22,589.43,625.34,595.89,502.95,467.83,449.31,516.52,529.57,589.83,703.50,684.98,679.15,692.92,633.19,646.32,611.05,824.07,870.42,796.67,730.66,630.70,435.70,0.00,0.00
687.60,736.20,630.00,643.10,651.30,675.10,483.70,457.40,465.30,573.40,531.20,532.00,450.90,491.60,461.20,435.30,409.60,450.20,449.70,481.40,425.20,374.40,399.60,419.00,330.60,405.20,402.70,405.70,382.50,441.60,340.30
660.40,655.70,656.10,654.90,654.40,646.20,645.90,649.40,625.70,632.50,631.20,614.40,618.70,623.60,581.60,580.60,577.50,577.50,571.00,509.50,486.60,498.60,518.30,546.70,575.20,598.29,633.10,643.12,684.23,707.10,735.12
620.60,617.20,594.70,584.70,542.90,499.90,496.40,502.00,525.60,566.80,540.70,510.60,475.70,460.00,518.70,451.50,416.00,419.10,392.00,358.50,305.80,295.60,248.10,230.10,222.40,201.70,175.90,173.10,182.90,169.80,183.80
611.40,606.90,597.80,602.30,593.20,585.90,506.80,430.60,452.90,446.90,434.20,484.90,427.70,409.00,357.20,329.50,314.60,296.20,296.20,308.60,244.80,259.90,244.90,229.30,219.90,216.90,207.20,207.20,198.10,198.10,194.50
598.70,595.30,602.30,570.70,565.60,499.80,456.70,412.20,423.70,408.20,443.70,448.30,417.60,404.50,389.00,381.90,383.20,342.40,352.30,323.70,293.70,308.30,294.20,277.90,238.70,203.90,207.40,188.30,176.20,175.20,153.20
499.20,534.60,527.90,530.90,505.50,501.20,505.90,506.40,507.00,501.60,507.70,444.20,444.90,440.00,431.60,411.10,416.90,396.20,373.30,386.60,366.80,361.20,345.40,314.00,313.10,292.90,278.30,252.10,227.20,200.80,192.80
474.60,509.00,508.60,500.10,500.50,490.20,476.60,472.90,469.90,456.10,465.80,453.60,428.10,419.20,398.00,376.70,367.40,360.70,335.10,321.90,312.50,299.30,286.00,267.60,254.80,235.20,225.20,222.00,218.50,221.40,218.20
448.88,479.98,494.64,465.33,468.99,465.33,461.66,476.32,487.31,490.98,516.62,516.62,538.61,538.61,545.94,575.25,560.59,534.94,531.28,523.95,523.95,512.96,490.98,465.33,454.34,425.02,406.70,410.37,406.70,406.70,406.70
446.10,617.60,510.10,561.80,518.90,437.20,449.80,364.40,300.40,252.40,244.10,235.40,210.10,191.40,185.00,180.70,182.50,167.60,168.70,0.00,0.00,0.00,0.00,0.00,0.00,0.00,0.00,0.00,0.00,0.00,0.00
427.70,428.27,414.90,403.40,395.47,446.55,402.17,558.79,492.60,474.90,519.10,465.50,474.30,470.20,432.60,429.30,395.80,414.40,399.60,376.50,373.40,393.30,393.80,331.80,296.00,315.80,295.50,305.80,304.50,288.20,274.10
329.00,325.30,317.80,306.60,305.00,281.90,263.60,247.40,246.00,243.50,241.00,234.60,223.60,229.90,216.70,209.50,205.40,195.10,153.60,148.20,147.00,191.60,172.40,197.30,177.00,185.00,183.60,185.20,177.60,173.10,171.90
328.20,326.20,302.70,279.00,217.90,185.90,171.90,192.20,160.10,150.00,167.80,140.40,114.10,111.80,172.10,147.00,153.20,139.70,109.70,109.80,104.90,96.90,92.20,84.30,79.60,78.00,74.90,73.30,70.30,68.70,65.50
324.50,346.20,320.30,287.50,277.40,272.60,253.50,317.10,278.60,260.30,273.60,262.40,261.50,250.80,235.90,228.00,216.80,223.20,210.50,207.20,198.60,205.20,198.00,183.20,173.00,149.40,138.90,129.30,125.50,121.80,114.90
236.60,235.40,229.10,222.40,206.40,184.40,130.40,120.60,197.20,194.20,174.80,168.20,171.40,237.80,234.30,224.10,226.20,231.00,249.80,253.00,243.20,236.80,227.40,167.00,167.00,163.80,160.70,157.60,151.50,142.00,148.00
231.00,247.50,245.20,243.00,244.60,237.60,228.40,227.20,229.10,236.40,229.20,228.60,221.30,224.50,210.40,203.60,219.20,201.90,201.80,188.80,181.20,168.10,160.30,148.10,141.40,134.60,131.30,120.50,117.50,115.30,113.70
223.30,304.80,300.90,295.00,298.10,304.10,340.70,389.00,355.60,355.90,342.80,333.50,323.20,313.70,304.00,294.70,286.30,268.90,257.60,245.80,235.40,228.10,220.50,213.40,206.00,196.90,190.00,177.30,168.30,160.00,152.90
219.80,235.10,252.30,225.10,255.20,246.50,267.50,226.30,240.80,224.90,233.60,288.20,229.20,246.00,227.70,229.70,228.30,208.20,196.70,187.40,155.60,173.10,171.20,142.10,135.40,132.20,122.30,108.90,89.20,89.10,82.60
206.50,278.70,248.70,255.20,246.70,232.30,207.30,196.70,198.10,196.00,192.40,176.40,169.50,186.30,177.10,179.10,175.00,169.20,170.20,162.60,148.60,145.10,146.10,129.10,131.50,116.60,103.40,112.50,102.90,97.70,89.00
162.80,174.10,165.30,165.60,182.50,180.90,180.00,171.40,167.00,152.10,172.50,163.80,165.70,164.00,155.30,148.40,144.30,121.50,105.60,139.10,125.30,102.30,92.90,91.10,69.70,83.10,69.40,66.10,62.80,62.70,62.70
158.20,217.40,211.90,213.00,207.90,200.90,217.80,221.10,222.00,212.60,214.80,204.60,212.90,223.40,228.70,226.70,217.80,215.60,217.10,215.80,211.50,204.00,203.30,201.80,198.90,197.70,198.60,198.10,197.50,0.00,0.00
142.00,149.03,142.95,155.77,149.84,159.77,161.26,192.54,185.33,176.78,190.83,205.37,219.54,200.79,231.12,228.99,229.39,229.35,220.02,214.67,216.86,226.57,229.24,218.38,205.96,204.20,201.11,215.03,206.95,206.33,198.97
141.10,140.20,137.50,134.40,128.70,123.60,119.20,121.30,118.70,100.50,102.80,93.80,88.50,81.80,81.70,80.00,74.50,65.90,58.30,53.50,53.50,51.00,51.00,47.50,47.50,47.50,46.60,44.90,44.30,46.50,46.50
121.30,166.90,177.50,141.00,151.30,134.30,158.90,111.90,120.50,134.20,127.10,127.50,101.10,105.00,61.60,61.60,61.70,87.00,82.90,92.90,89.30,89.40,82.80,89.00,85.60,66.80,63.60,63.70,63.70,66.90,66.90
118.10,161.50,134.20,132.90,123.90,109.90,113.40,114.70,109.30,107.40,117.70,138.10,127.30,119.80,134.90,117.20,117.40,123.50,101.70,94.70,102.90,113.90,94.90,94.20,81.00,99.00,92.30,86.30,76.90,90.40,84.10
110.00,152.30,151.10,149.30,146.50,146.30,144.10,142.30,139.00,141.10,140.80,137.30,133.30,132.20,125.00,118.90,119.30,114.00,116.10,106.40,102.80,95.50,95.50,93.30,93.50,92.70,88.60,85.00,80.20,0.00,0.00
107.50,148.20,147.80,146.70,147.10,144.90,141.00,138.50,132.40,119.30,105.20,152.20,117.10,135.60,120.80,122.20,149.70,168.50,158.30,173.90,187.30,199.30,214.00,201.30,191.10,184.80,159.20,149.70,140.10,0.00,0.00
56.90,73.60,73.20,72.70,56.70,60.70,60.10,63.80,57.70,54.20,54.30,58.60,64.00,58.20,68.30,61.80,50.80,46.50,43.70,34.70,35.50,32.10,31.40,32.90,34.60,30.10,27.30,29.00,25.20,24.70,24.00
41.40,53.40,54.00,56.00,52.70,54.50,50.60,47.30,42.10,40.10,42.70,40.40,42.30,41.50,44.10,62.50,64.00,68.70,78.00,80.60,88.00,93.40,99.50,102.40,102.10,108.40,111.40,114.50,120.60,126.60,126.30
6.60,8.90,8.80,7.70,7.50,7.70,8.50,8.70,9.80,10.20,9.60,10.60,9.50,13.20,11.00,8.50,8.50,8.50,9.10,9.90,7.90,7.60,10.90,7.80,6.90,8.90,8.30,7.60,7.30,6.70,6.40
